id,first_name,last_name,address,city,state,zip,phone_number,email
1,Rahul,Varma," A-15 Steet",Mumbai,Maharashtra,111222,1234455,rahulvarma@gmail.com
2,Amar,Jadhav," K road",Pune,Maharashtra,111222,1234455,ajadhav@gmail.com
3,Apurva,S," D road",Pune,Maharashtra,111222,1234455,apurvajs@gmail.com
4,Raju,M," Y road","bangalore ",Karnataka,111222,1234455,rajum@gmail.com
5,Mayur,P," N road","Nagpur ",maharashtra,111222,1234455,mayur@gmail.com
